﻿Tiempos de coagulación,Automatizado,
Química de 6 elementos,Espectrofotometría automatizada,
Pruebas de función hepática,Espectrofotometría automatizada,
Electrolitos séricos de 6 elementos,Espectrofotometría automatizada,
Perfil de cinética de hierro,Espectrofotometría automatizada,
Perfil tiroideo,Inmunocromatografía,
Perfil ginecológico,Inmunocromatografía,
Perfil de Anticuerpos Chikungunya IgG e IgM,Inmunoensayo cromatográfico,
Perfil de Anticuerpos Anti H. Pylori,Inmunocromatografía,
Perfil reumatico ,Aglutinación en placa,